db	wk
http://dbpedia.org/resource/Asia	http://www.wikidata.org/entity/Q48
http://dbpedia.org/resource/Abraham_Lincoln	http://www.wikidata.org/entity/Q91
http://dbpedia.org/resource/Atlantic_Ocean	http://www.wikidata.org/entity/Q97
http://dbpedia.org/resource/April	http://www.wikidata.org/entity/Q118
http://dbpedia.org/resource/August	http://www.wikidata.org/entity/Q122
http://dbpedia.org/resource/Alcohol	http://www.wikidata.org/entity/Q156
http://dbpedia.org/resource/Alabama	http://www.wikidata.org/entity/Q173
http://dbpedia.org/resource/Albania	http://www.wikidata.org/entity/Q222
http://dbpedia.org/resource/Azerbaijan	http://www.wikidata.org/entity/Q227
http://dbpedia.org/resource/Andorra	http://www.wikidata.org/entity/Q228
http://dbpedia.org/resource/Algeria	http://www.wikidata.org/entity/Q262
http://dbpedia.org/resource/Apple_Inc.	http://www.wikidata.org/entity/Q312
http://dbpedia.org/resource/Anatomy	http://www.wikidata.org/entity/Q514
http://dbpedia.org/resource/Aluminium	http://www.wikidata.org/entity/Q663
http://dbpedia.org/resource/André-Marie_Ampère	http://www.wikidata.org/entity/Q675
http://dbpedia.org/resource/Alessandro_Volta	http://www.wikidata.org/entity/Q680
http://dbpedia.org/resource/Argon	http://www.wikidata.org/entity/Q696
http://dbpedia.org/resource/Amsterdam	http://www.wikidata.org/entity/Q727
http://dbpedia.org/resource/Art	http://www.wikidata.org/entity/Q735
http://dbpedia.org/resource/Antigua_and_Barbuda	http://www.wikidata.org/entity/Q781
http://dbpedia.org/resource/Alaska	http://www.wikidata.org/entity/Q797
http://dbpedia.org/resource/Andrei_Tarkovsky	http://www.wikidata.org/entity/Q853
http://dbpedia.org/resource/Aristotle	http://www.wikidata.org/entity/Q868
http://dbpedia.org/resource/Arsenic	http://www.wikidata.org/entity/Q871
http://dbpedia.org/resource/Afghanistan	http://www.wikidata.org/entity/Q889
http://dbpedia.org/resource/Angola	http://www.wikidata.org/entity/Q916
http://dbpedia.org/resource/Alexander	http://www.wikidata.org/entity/Q923
http://dbpedia.org/resource/Albert_Einstein	http://www.wikidata.org/entity/Q937
http://dbpedia.org/resource/Astatine	http://www.wikidata.org/entity/Q999
http://dbpedia.org/resource/Aachen	http://www.wikidata.org/entity/Q1017
http://dbpedia.org/resource/Antimony	http://www.wikidata.org/entity/Q1099
http://dbpedia.org/resource/Anime	http://www.wikidata.org/entity/Q1107
http://dbpedia.org/resource/Actinium	http://www.wikidata.org/entity/Q1121
http://dbpedia.org/resource/Alps	http://www.wikidata.org/entity/Q1286
http://dbpedia.org/resource/Antonio_Vivaldi	http://www.wikidata.org/entity/Q1340
http://dbpedia.org/resource/Augustus	http://www.wikidata.org/entity/Q1405
http://dbpedia.org/resource/Antoninus_Pius	http://www.wikidata.org/entity/Q1429
http://dbpedia.org/resource/Athens	http://www.wikidata.org/entity/Q1524
http://dbpedia.org/resource/Arkansas	http://www.wikidata.org/entity/Q1612
http://dbpedia.org/resource/Aare	http://www.wikidata.org/entity/Q1675
http://dbpedia.org/resource/Severus_Alexander	http://www.wikidata.org/entity/Q1769
http://dbpedia.org/resource/Astronomical_unit	http://www.wikidata.org/entity/Q1811
http://dbpedia.org/resource/Americium	http://www.wikidata.org/entity/Q1872
http://dbpedia.org/resource/Alberta	http://www.wikidata.org/entity/Q1951
http://dbpedia.org/resource/Analytical_chemistry	http://www.wikidata.org/entity/Q2346
http://dbpedia.org/resource/April_15	http://www.wikidata.org/entity/Q2497
http://dbpedia.org/resource/April_13	http://www.wikidata.org/entity/Q2498
http://dbpedia.org/resource/April_12	http://www.wikidata.org/entity/Q2499
http://dbpedia.org/resource/April_14	http://www.wikidata.org/entity/Q2500
http://dbpedia.org/resource/April_11	http://www.wikidata.org/entity/Q2501
http://dbpedia.org/resource/April_8	http://www.wikidata.org/entity/Q2503
http://dbpedia.org/resource/April_9	http://www.wikidata.org/entity/Q2504
http://dbpedia.org/resource/April_6	http://www.wikidata.org/entity/Q2506
http://dbpedia.org/resource/April_5	http://www.wikidata.org/entity/Q2507
http://dbpedia.org/resource/April_3	http://www.wikidata.org/entity/Q2509
http://dbpedia.org/resource/April_1	http://www.wikidata.org/entity/Q2510
http://dbpedia.org/resource/April_2	http://www.wikidata.org/entity/Q2511
http://dbpedia.org/resource/April_16	http://www.wikidata.org/entity/Q2519
http://dbpedia.org/resource/April_18	http://www.wikidata.org/entity/Q2521
http://dbpedia.org/resource/April_20	http://www.wikidata.org/entity/Q2524
http://dbpedia.org/resource/April_17	http://www.wikidata.org/entity/Q2520
http://dbpedia.org/resource/April_19	http://www.wikidata.org/entity/Q2523
http://dbpedia.org/resource/April_22	http://www.wikidata.org/entity/Q2526
http://dbpedia.org/resource/April_21	http://www.wikidata.org/entity/Q2525
http://dbpedia.org/resource/April_23	http://www.wikidata.org/entity/Q2527
http://dbpedia.org/resource/April_26	http://www.wikidata.org/entity/Q2532
http://dbpedia.org/resource/April_27	http://www.wikidata.org/entity/Q2533
http://dbpedia.org/resource/April_28	http://www.wikidata.org/entity/Q2534
http://dbpedia.org/resource/April_29	http://www.wikidata.org/entity/Q2535
http://dbpedia.org/resource/April_30	http://www.wikidata.org/entity/Q2536
http://dbpedia.org/resource/Arnold_Schwarzenegger	http://www.wikidata.org/entity/Q2685
http://dbpedia.org/resource/A.S._Roma	http://www.wikidata.org/entity/Q2739
http://dbpedia.org/resource/August_15	http://www.wikidata.org/entity/Q2774
http://dbpedia.org/resource/August_14	http://www.wikidata.org/entity/Q2775
http://dbpedia.org/resource/August_13	http://www.wikidata.org/entity/Q2776
http://dbpedia.org/resource/August_12	http://www.wikidata.org/entity/Q2777
http://dbpedia.org/resource/August_10	http://www.wikidata.org/entity/Q2779
http://dbpedia.org/resource/August_11	http://www.wikidata.org/entity/Q2778
http://dbpedia.org/resource/August_8	http://www.wikidata.org/entity/Q2780
http://dbpedia.org/resource/August_7	http://www.wikidata.org/entity/Q2781
http://dbpedia.org/resource/August_9	http://www.wikidata.org/entity/Q2782
http://dbpedia.org/resource/August_5	http://www.wikidata.org/entity/Q2783
http://dbpedia.org/resource/August_4	http://www.wikidata.org/entity/Q2784
http://dbpedia.org/resource/August_3	http://www.wikidata.org/entity/Q2786
http://dbpedia.org/resource/August_2	http://www.wikidata.org/entity/Q2785
http://dbpedia.org/resource/August_6	http://www.wikidata.org/entity/Q2787
http://dbpedia.org/resource/August_1	http://www.wikidata.org/entity/Q2788
http://dbpedia.org/resource/August_16	http://www.wikidata.org/entity/Q2812
http://dbpedia.org/resource/August_29	http://www.wikidata.org/entity/Q2816
http://dbpedia.org/resource/August_28	http://www.wikidata.org/entity/Q2817
http://dbpedia.org/resource/August_30	http://www.wikidata.org/entity/Q2818
http://dbpedia.org/resource/August_25	http://www.wikidata.org/entity/Q2819
http://dbpedia.org/resource/August_23	http://www.wikidata.org/entity/Q2821
http://dbpedia.org/resource/August_21	http://www.wikidata.org/entity/Q2823
http://dbpedia.org/resource/August_27	http://www.wikidata.org/entity/Q2822
http://dbpedia.org/resource/August_24	http://www.wikidata.org/entity/Q2825
http://dbpedia.org/resource/August_18	http://www.wikidata.org/entity/Q2826
http://dbpedia.org/resource/August_17	http://www.wikidata.org/entity/Q2827
http://dbpedia.org/resource/August_19	http://www.wikidata.org/entity/Q2829
http://dbpedia.org/resource/August_22	http://www.wikidata.org/entity/Q2828
http://dbpedia.org/resource/August_31	http://www.wikidata.org/entity/Q2830
http://dbpedia.org/resource/Aphasia	http://www.wikidata.org/entity/Q2836
http://dbpedia.org/resource/Australian_Capital_Territory	http://www.wikidata.org/entity/Q3258
http://dbpedia.org/resource/Algiers	http://www.wikidata.org/entity/Q3561
http://dbpedia.org/resource/Ankara	http://www.wikidata.org/entity/Q3640
http://dbpedia.org/resource/Amazon_River	http://www.wikidata.org/entity/Q3783
http://dbpedia.org/resource/Asteroid	http://www.wikidata.org/entity/Q3863
http://dbpedia.org/resource/Ammonia	http://www.wikidata.org/entity/Q4087
http://dbpedia.org/resource/Autobiography	http://www.wikidata.org/entity/Q4184
http://dbpedia.org/resource/Alain_de_Lille	http://www.wikidata.org/entity/Q4313
http://dbpedia.org/resource/Andreas_Capellanus	http://www.wikidata.org/entity/Q4340
http://dbpedia.org/resource/Adelaide	http://www.wikidata.org/entity/Q5112
http://dbpedia.org/resource/Auto_racing	http://www.wikidata.org/entity/Q5386
http://dbpedia.org/resource/Amber_Diceless_Roleplaying_Game	http://www.wikidata.org/entity/Q5452
http://dbpedia.org/resource/Andes	http://www.wikidata.org/entity/Q5456
http://dbpedia.org/resource/Antonio_Canova	http://www.wikidata.org/entity/Q5547
http://dbpedia.org/resource/Albrecht_Dürer	http://www.wikidata.org/entity/Q5580
http://dbpedia.org/resource/Andy_Warhol	http://www.wikidata.org/entity/Q5603
http://dbpedia.org/resource/Anton_Chekhov	http://www.wikidata.org/entity/Q5685
http://dbpedia.org/resource/Anarchism	http://www.wikidata.org/entity/Q6199
http://dbpedia.org/resource/Airbus_A300	http://www.wikidata.org/entity/Q6437
http://dbpedia.org/resource/Allen_Ginsberg	http://www.wikidata.org/entity/Q6711
http://dbpedia.org/resource/Alan_Turing	http://www.wikidata.org/entity/Q7251
http://dbpedia.org/resource/Ada_Lovelace	http://www.wikidata.org/entity/Q7259
http://dbpedia.org/resource/Auschwitz_concentration_camp	http://www.wikidata.org/entity/Q7341
http://dbpedia.org/resource/Alfred_Hitchcock	http://www.wikidata.org/entity/Q7374
http://dbpedia.org/resource/Andre_Agassi	http://www.wikidata.org/entity/Q7407
http://dbpedia.org/resource/Alfred_Jarry	http://www.wikidata.org/entity/Q7841
http://dbpedia.org/resource/American_English	http://www.wikidata.org/entity/Q7976
http://dbpedia.org/resource/Akira_Kurosawa	http://www.wikidata.org/entity/Q8006
http://dbpedia.org/resource/Avicenna	http://www.wikidata.org/entity/Q8011
http://dbpedia.org/resource/Augustine_of_Hippo	http://www.wikidata.org/entity/Q8018
http://dbpedia.org/resource/Amino_acid	http://www.wikidata.org/entity/Q8066
http://dbpedia.org/resource/Economy_of_Armenia	http://www.wikidata.org/entity/Q8077
http://dbpedia.org/resource/Arabic_alphabet	http://www.wikidata.org/entity/Q8196
http://dbpedia.org/resource/Algorithm	http://www.wikidata.org/entity/Q8366
http://dbpedia.org/resource/Anal_sex	http://www.wikidata.org/entity/Q8398
http://dbpedia.org/resource/Alexander_the_Great	http://www.wikidata.org/entity/Q8409
http://dbpedia.org/resource/Aeronautics	http://www.wikidata.org/entity/Q8421
http://dbpedia.org/resource/Abortion	http://www.wikidata.org/entity/Q8452
http://dbpedia.org/resource/Ashoka	http://www.wikidata.org/entity/Q8589
http://dbpedia.org/resource/American_Civil_War	http://www.wikidata.org/entity/Q8676
http://dbpedia.org/resource/Archimedes	http://www.wikidata.org/entity/Q8739
http://dbpedia.org/resource/Armenian_language	http://www.wikidata.org/entity/Q8785
http://dbpedia.org/resource/ASCII	http://www.wikidata.org/entity/Q8815
http://dbpedia.org/resource/Augustin-Louis_Cauchy	http://www.wikidata.org/entity/Q8814
http://dbpedia.org/resource/Atom	http://www.wikidata.org/entity/Q9121
http://dbpedia.org/resource/Abraham	http://www.wikidata.org/entity/Q9181
http://dbpedia.org/resource/Ara_(constellation)	http://www.wikidata.org/entity/Q9253
http://dbpedia.org/resource/Argo_Navis	http://www.wikidata.org/entity/Q9258
http://dbpedia.org/resource/Adam_Smith	http://www.wikidata.org/entity/Q9381
http://dbpedia.org/resource/Amitabh_Bachchan	http://www.wikidata.org/entity/Q9570
http://dbpedia.org/resource/Arsenal_F.C.	http://www.wikidata.org/entity/Q9617
http://dbpedia.org/resource/A	http://www.wikidata.org/entity/Q9659
http://dbpedia.org/resource/Alphabet	http://www.wikidata.org/entity/Q9779
http://dbpedia.org/resource/Alpha	http://www.wikidata.org/entity/Q9887
http://dbpedia.org/resource/Antlia	http://www.wikidata.org/entity/Q10481
http://dbpedia.org/resource/Apus	http://www.wikidata.org/entity/Q10506
http://dbpedia.org/resource/Aquarius_(constellation)	http://www.wikidata.org/entity/Q10576
http://dbpedia.org/resource/Aries_(constellation)	http://www.wikidata.org/entity/Q10584
http://dbpedia.org/resource/Amphibian	http://www.wikidata.org/entity/Q10908
http://dbpedia.org/resource/Astronomer	http://www.wikidata.org/entity/Q11063
http://dbpedia.org/resource/Alhazen	http://www.wikidata.org/entity/Q11104
http://dbpedia.org/resource/Acid	http://www.wikidata.org/entity/Q11158
http://dbpedia.org/resource/Angle	http://www.wikidata.org/entity/Q11352
http://dbpedia.org/resource/Animation	http://www.wikidata.org/entity/Q11425
http://dbpedia.org/resource/Aircraft	http://www.wikidata.org/entity/Q11436
http://dbpedia.org/resource/Agriculture	http://www.wikidata.org/entity/Q11451
http://dbpedia.org/resource/Adobe_Systems	http://www.wikidata.org/entity/Q11463
http://dbpedia.org/resource/Area	http://www.wikidata.org/entity/Q11500
http://dbpedia.org/resource/Aaliyah	http://www.wikidata.org/entity/Q11617
http://dbpedia.org/resource/Astronaut	http://www.wikidata.org/entity/Q11631
http://dbpedia.org/resource/Artificial_intelligence	http://www.wikidata.org/entity/Q11660
http://dbpedia.org/resource/Ancient_Egypt	http://www.wikidata.org/entity/Q11768
http://dbpedia.org/resource/Andrew_Jackson	http://www.wikidata.org/entity/Q11817
http://dbpedia.org/resource/Alpha_Centauri	http://www.wikidata.org/entity/Q12176
http://dbpedia.org/resource/Antibiotics	http://www.wikidata.org/entity/Q12187
http://dbpedia.org/resource/Abacus	http://www.wikidata.org/entity/Q12806
http://dbpedia.org/resource/Ambiorix	http://www.wikidata.org/entity/Q12847
http://dbpedia.org/resource/Algol	http://www.wikidata.org/entity/Q13080
http://dbpedia.org/resource/Afrikaans	http://www.wikidata.org/entity/Q14196
http://dbpedia.org/resource/Apatosaurus	http://www.wikidata.org/entity/Q14326
http://dbpedia.org/resource/Allosaurus	http://www.wikidata.org/entity/Q14400
http://dbpedia.org/resource/American_Sign_Language	http://www.wikidata.org/entity/Q14759
http://dbpedia.org/resource/Austin,_Texas	http://www.wikidata.org/entity/Q16559
http://dbpedia.org/resource/Aircraft_carrier	http://www.wikidata.org/entity/Q17205
http://dbpedia.org/resource/Axiom	http://www.wikidata.org/entity/Q17736
http://dbpedia.org/resource/Aspirin	http://www.wikidata.org/entity/Q18216
http://dbpedia.org/resource/Alcoholics_Anonymous	http://www.wikidata.org/entity/Q18231
http://dbpedia.org/resource/ABBA	http://www.wikidata.org/entity/Q18233
http://dbpedia.org/resource/Alfonso_XIII_of_Spain	http://www.wikidata.org/entity/Q18363
http://dbpedia.org/resource/Allegory	http://www.wikidata.org/entity/Q18535
http://dbpedia.org/resource/Apple_I	http://www.wikidata.org/entity/Q18981
http://dbpedia.org/resource/Academy_Awards	http://www.wikidata.org/entity/Q19020
http://dbpedia.org/resource/Arithmetic_mean	http://www.wikidata.org/entity/Q19033
http://dbpedia.org/resource/Alkali_metal	http://www.wikidata.org/entity/Q19557
http://dbpedia.org/resource/Apiales	http://www.wikidata.org/entity/Q21138
http://dbpedia.org/resource/Aruba	http://www.wikidata.org/entity/Q21203
http://dbpedia.org/resource/American_Civil_Liberties_Union	http://www.wikidata.org/entity/Q21637
http://dbpedia.org/resource/Asterales	http://www.wikidata.org/entity/Q21730
http://dbpedia.org/resource/Antisemitism	http://www.wikidata.org/entity/Q22649
http://dbpedia.org/resource/Audi	http://www.wikidata.org/entity/Q23317
http://dbpedia.org/resource/Anthropology	http://www.wikidata.org/entity/Q23404
http://dbpedia.org/resource/Atomic_number	http://www.wikidata.org/entity/Q23809
http://dbpedia.org/resource/Alfred_Nobel	http://www.wikidata.org/entity/Q23810
http://dbpedia.org/resource/Anguilla	http://www.wikidata.org/entity/Q25228
http://dbpedia.org/resource/Alder	http://www.wikidata.org/entity/Q25239
http://dbpedia.org/resource/Afroasiatic_languages	http://www.wikidata.org/entity/Q25268
http://dbpedia.org/resource/Ampere	http://www.wikidata.org/entity/Q25272
http://dbpedia.org/resource/Aarhus	http://www.wikidata.org/entity/Q25319
http://dbpedia.org/resource/Atlantis	http://www.wikidata.org/entity/Q25373
http://dbpedia.org/resource/Amber	http://www.wikidata.org/entity/Q25381
http://dbpedia.org/resource/Asteraceae	http://www.wikidata.org/entity/Q25400
http://dbpedia.org/resource/Asparagales	http://www.wikidata.org/entity/Q26229
http://dbpedia.org/resource/Anadyr_River	http://www.wikidata.org/entity/Q26390
http://dbpedia.org/resource/Ab_urbe_condita	http://www.wikidata.org/entity/Q26805
http://dbpedia.org/resource/Aramaic_alphabet	http://www.wikidata.org/entity/Q26978
http://dbpedia.org/resource/Aston_Martin	http://www.wikidata.org/entity/Q27074
http://dbpedia.org/resource/Alismatales	http://www.wikidata.org/entity/Q27341
http://dbpedia.org/resource/AOL	http://www.wikidata.org/entity/Q27585
http://dbpedia.org/resource/Alfonso_Cuarón	http://www.wikidata.org/entity/Q28028
http://dbpedia.org/resource/Aramaic_language	http://www.wikidata.org/entity/Q28602
http://dbpedia.org/resource/Ananda	http://www.wikidata.org/entity/Q28988
http://dbpedia.org/resource/Archbishop_of_Canterbury	http://www.wikidata.org/entity/Q29282
http://dbpedia.org/resource/Auguste_Rodin	http://www.wikidata.org/entity/Q30755
http://dbpedia.org/resource/Alfonso_XII_of_Spain	http://www.wikidata.org/entity/Q32347
http://dbpedia.org/resource/American_Airlines	http://www.wikidata.org/entity/Q32396
http://dbpedia.org/resource/Austroasiatic_languages	http://www.wikidata.org/entity/Q33199
http://dbpedia.org/resource/Archipelago	http://www.wikidata.org/entity/Q33837
http://dbpedia.org/resource/Alexander_Graham_Bell	http://www.wikidata.org/entity/Q34286
http://dbpedia.org/resource/Astrology	http://www.wikidata.org/entity/Q34362
http://dbpedia.org/resource/Aleksandr_Solzhenitsyn	http://www.wikidata.org/entity/Q34474
http://dbpedia.org/resource/Al-Qaeda	http://www.wikidata.org/entity/Q34490
http://dbpedia.org/resource/Aegean_Sea	http://www.wikidata.org/entity/Q34575
http://dbpedia.org/resource/Albert_Camus	http://www.wikidata.org/entity/Q34670
http://dbpedia.org/resource/Agatha_Christie	http://www.wikidata.org/entity/Q35064
http://dbpedia.org/resource/Arabs	http://www.wikidata.org/entity/Q35323
http://dbpedia.org/resource/Aphrodite	http://www.wikidata.org/entity/Q35500
http://dbpedia.org/resource/Aesthetics	http://www.wikidata.org/entity/Q35986
http://dbpedia.org/resource/Aberdeen	http://www.wikidata.org/entity/Q36405
http://dbpedia.org/resource/Attila	http://www.wikidata.org/entity/Q36724
http://dbpedia.org/resource/Andronikos_III_Palaiologos	http://www.wikidata.org/entity/Q37063
http://dbpedia.org/resource/Alexios_III_Angelos	http://www.wikidata.org/entity/Q37065
http://dbpedia.org/resource/Alexander_Fleming	http://www.wikidata.org/entity/Q37064
http://dbpedia.org/resource/Andronikos_II_Palaiologos	http://www.wikidata.org/entity/Q37067
http://dbpedia.org/resource/Alexios_V_Doukas	http://www.wikidata.org/entity/Q37076
http://dbpedia.org/resource/AK-47	http://www.wikidata.org/entity/Q37116
http://dbpedia.org/resource/Athena	http://www.wikidata.org/entity/Q37122
http://dbpedia.org/resource/Apollo	http://www.wikidata.org/entity/Q37340
http://dbpedia.org/resource/Army	http://www.wikidata.org/entity/Q37726
http://dbpedia.org/resource/Alloy	http://www.wikidata.org/entity/Q37756
http://dbpedia.org/resource/Altaic_languages	http://www.wikidata.org/entity/Q37845
http://dbpedia.org/resource/Algae	http://www.wikidata.org/entity/Q37868
http://dbpedia.org/resource/Arthur_Schopenhauer	http://www.wikidata.org/entity/Q38193
http://dbpedia.org/resource/Autism	http://www.wikidata.org/entity/Q38404
http://dbpedia.org/resource/Antoine_Lavoisier	http://www.wikidata.org/entity/Q39607
http://dbpedia.org/resource/Alchemy	http://www.wikidata.org/entity/Q39689
http://dbpedia.org/resource/Almond	http://www.wikidata.org/entity/Q39918
http://dbpedia.org/resource/Acts_of_the_Apostles	http://www.wikidata.org/entity/Q40309
http://dbpedia.org/resource/Albert,_Duke_of_Prussia	http://www.wikidata.org/entity/Q40433
http://dbpedia.org/resource/Cuisine_of_the_United_States	http://www.wikidata.org/entity/Q40578
http://dbpedia.org/resource/Albertosaurus	http://www.wikidata.org/entity/Q40751
http://dbpedia.org/resource/Ares	http://www.wikidata.org/entity/Q40901
http://dbpedia.org/resource/Aeschylus	http://www.wikidata.org/entity/Q40939
http://dbpedia.org/resource/American_Revolutionary_War	http://www.wikidata.org/entity/Q40949
http://dbpedia.org/resource/Assyria	http://www.wikidata.org/entity/Q41137
http://dbpedia.org/resource/Alkane	http://www.wikidata.org/entity/Q41581
http://dbpedia.org/resource/Alexios_I_Komnenos	http://www.wikidata.org/entity/Q41600
http://dbpedia.org/resource/Achilles	http://www.wikidata.org/entity/Q41746
http://dbpedia.org/resource/Andronikos_I_Komnenos	http://www.wikidata.org/entity/Q41830
http://dbpedia.org/resource/Alexios_II_Komnenos	http://www.wikidata.org/entity/Q41849
http://dbpedia.org/resource/Abel_Tasman	http://www.wikidata.org/entity/Q42188
http://dbpedia.org/resource/Analysis_of_variance	http://www.wikidata.org/entity/Q42297
http://dbpedia.org/resource/Anatole_France	http://www.wikidata.org/entity/Q42443
http://dbpedia.org/resource/Anaximander	http://www.wikidata.org/entity/Q42458
http://dbpedia.org/resource/Asterix	http://www.wikidata.org/entity/Q42490
http://dbpedia.org/resource/Architect	http://www.wikidata.org/entity/Q42973
http://dbpedia.org/resource/Animism	http://www.wikidata.org/entity/Q43004
http://dbpedia.org/resource/Aikido	http://www.wikidata.org/entity/Q43114
http://dbpedia.org/resource/Aristophanes	http://www.wikidata.org/entity/Q43353
http://dbpedia.org/resource/Apollo_11	http://www.wikidata.org/entity/Q43653
http://dbpedia.org/resource/Ambrose	http://www.wikidata.org/entity/Q43689
http://dbpedia.org/resource/Anne_Brontë	http://www.wikidata.org/entity/Q44520
http://dbpedia.org/resource/Australian_English	http://www.wikidata.org/entity/Q44679
http://dbpedia.org/resource/Aardvark	http://www.wikidata.org/entity/Q46212
http://dbpedia.org/resource/Apollo_program	http://www.wikidata.org/entity/Q46611
http://dbpedia.org/resource/Ahmad_Shah_Durrani	http://www.wikidata.org/entity/Q46798
http://dbpedia.org/resource/Airline	http://www.wikidata.org/entity/Q46970
http://dbpedia.org/resource/André_Gide	http://www.wikidata.org/entity/Q47484
http://dbpedia.org/resource/Amerigo_Vespucci	http://www.wikidata.org/entity/Q47674
http://dbpedia.org/resource/Armadillo	http://www.wikidata.org/entity/Q47867
http://dbpedia.org/resource/Albert_Schweitzer	http://www.wikidata.org/entity/Q49325
http://dbpedia.org/resource/Apostolic_succession	http://www.wikidata.org/entity/Q49482
http://dbpedia.org/resource/Adhemar_of_Le_Puy	http://www.wikidata.org/entity/Q49967
http://dbpedia.org/resource/Australian_rules_football	http://www.wikidata.org/entity/Q50776
http://dbpedia.org/resource/Antonio_Salieri	http://www.wikidata.org/entity/Q51088
http://dbpedia.org/resource/Approximant_consonant	http://www.wikidata.org/entity/Q51606
http://dbpedia.org/resource/Anatolia	http://www.wikidata.org/entity/Q51614
http://dbpedia.org/resource/Aaron	http://www.wikidata.org/entity/Q51676
http://dbpedia.org/resource/Alexander_Jagiellon	http://www.wikidata.org/entity/Q53450
http://dbpedia.org/resource/Atomic_orbital	http://www.wikidata.org/entity/Q53860
http://dbpedia.org/resource/Antarctic_Circumpolar_Current	http://www.wikidata.org/entity/Q55828
http://dbpedia.org/resource/Auguste_and_Louis_Lumière	http://www.wikidata.org/entity/Q55965
http://dbpedia.org/resource/August_Horch	http://www.wikidata.org/entity/Q58035
http://dbpedia.org/resource/Albert_Speer	http://www.wikidata.org/entity/Q60045
http://dbpedia.org/resource/Albertus_Magnus	http://www.wikidata.org/entity/Q60059
http://dbpedia.org/resource/Alexander_I_of_Scotland	http://www.wikidata.org/entity/Q60843
http://dbpedia.org/resource/Albert_of_Mainz	http://www.wikidata.org/entity/Q60951
http://dbpedia.org/resource/Agnes_of_Merania	http://www.wikidata.org/entity/Q61876
http://dbpedia.org/resource/Affix	http://www.wikidata.org/entity/Q62155
http://dbpedia.org/resource/Abadan,_Iran	http://www.wikidata.org/entity/Q63049
http://dbpedia.org/resource/Alfons_Maria_Jakob	http://www.wikidata.org/entity/Q63336
http://dbpedia.org/resource/Analog_computer	http://www.wikidata.org/entity/Q63759
http://dbpedia.org/resource/Artillery	http://www.wikidata.org/entity/Q64418
http://dbpedia.org/resource/Albert_Alcibiades,_Margrave_of_Brandenburg-Kulmbach	http://www.wikidata.org/entity/Q64569
http://dbpedia.org/resource/Anthony_Hopkins	http://www.wikidata.org/entity/Q65932
http://dbpedia.org/resource/Alois_Alzheimer	http://www.wikidata.org/entity/Q70530
http://dbpedia.org/resource/Alkaloid	http://www.wikidata.org/entity/Q70702
http://dbpedia.org/resource/A_Fire_Upon_the_Deep	http://www.wikidata.org/entity/Q74335
http://dbpedia.org/resource/Almoravid_dynasty	http://www.wikidata.org/entity/Q75613
http://dbpedia.org/resource/Antidepressant	http://www.wikidata.org/entity/Q76560
http://dbpedia.org/resource/Hermann_Kolbe	http://www.wikidata.org/entity/Q76621
http://dbpedia.org/resource/Anton_Drexler	http://www.wikidata.org/entity/Q76989
http://dbpedia.org/resource/Alexander_Grothendieck	http://www.wikidata.org/entity/Q77141
http://dbpedia.org/resource/Alban_Berg	http://www.wikidata.org/entity/Q78475
http://dbpedia.org/resource/Amethyst	http://www.wikidata.org/entity/Q79058
http://dbpedia.org/resource/Antibody	http://www.wikidata.org/entity/Q79460
http://dbpedia.org/resource/Accordion	http://www.wikidata.org/entity/Q79838
http://dbpedia.org/resource/Arthur_Miller	http://www.wikidata.org/entity/Q80596
http://dbpedia.org/resource/Anaximenes_of_Miletus	http://www.wikidata.org/entity/Q80612
http://dbpedia.org/resource/Allele	http://www.wikidata.org/entity/Q80726
http://dbpedia.org/resource/Adenosine_triphosphate	http://www.wikidata.org/entity/Q80863
http://dbpedia.org/resource/Absolute_zero	http://www.wikidata.org/entity/Q81182
http://dbpedia.org/resource/Acre	http://www.wikidata.org/entity/Q81292
http://dbpedia.org/resource/Acapulco	http://www.wikidata.org/entity/Q81398
http://dbpedia.org/resource/Aldous_Huxley	http://www.wikidata.org/entity/Q81447
http://dbpedia.org/resource/Alfonso_the_Battler	http://www.wikidata.org/entity/Q81833
http://dbpedia.org/resource/AFC_Ajax	http://www.wikidata.org/entity/Q81888
http://dbpedia.org/resource/Allotropy	http://www.wikidata.org/entity/Q81915
http://dbpedia.org/resource/Aeneas	http://www.wikidata.org/entity/Q82732
http://dbpedia.org/resource/Arctic_fox	http://www.wikidata.org/entity/Q82738
http://dbpedia.org/resource/Acoustics	http://www.wikidata.org/entity/Q82811
http://dbpedia.org/resource/Alvar_Aalto	http://www.wikidata.org/entity/Q82840
http://dbpedia.org/resource/Anaxagoras	http://www.wikidata.org/entity/Q83041
http://dbpedia.org/resource/Antimatter	http://www.wikidata.org/entity/Q83197
http://dbpedia.org/resource/Alfred_the_Great	http://www.wikidata.org/entity/Q83476
http://dbpedia.org/resource/Arianism	http://www.wikidata.org/entity/Q83922
http://dbpedia.org/resource/Alan_Kay	http://www.wikidata.org/entity/Q92742
http://dbpedia.org/resource/Amiga	http://www.wikidata.org/entity/Q100047
http://dbpedia.org/resource/Aorta	http://www.wikidata.org/entity/Q101004
http://dbpedia.org/resource/Albedo	http://www.wikidata.org/entity/Q101038
http://dbpedia.org/resource/Ainu_people	http://www.wikidata.org/entity/Q101828
http://dbpedia.org/resource/Alaric_I	http://www.wikidata.org/entity/Q102371
http://dbpedia.org/resource/Atlas_(disambiguation)	http://www.wikidata.org/entity/Q102520
http://dbpedia.org/resource/Abbreviation	http://www.wikidata.org/entity/Q102786
http://dbpedia.org/resource/Abbot	http://www.wikidata.org/entity/Q103163
http://dbpedia.org/resource/Antigen	http://www.wikidata.org/entity/Q103537
http://dbpedia.org/resource/Aage_Bohr	http://www.wikidata.org/entity/Q103854
http://dbpedia.org/resource/Angles	http://www.wikidata.org/entity/Q104238
http://dbpedia.org/resource/Ardipithecus	http://www.wikidata.org/entity/Q106565
http://dbpedia.org/resource/Aeon	http://www.wikidata.org/entity/Q108256
http://dbpedia.org/resource/Archery	http://www.wikidata.org/entity/Q108429
http://dbpedia.org/resource/Adam_of_Bremen	http://www.wikidata.org/entity/Q109244
http://dbpedia.org/resource/Alaric_II	http://www.wikidata.org/entity/Q110884
http://dbpedia.org/resource/Ahmed_I	http://www.wikidata.org/entity/Q114749
http://dbpedia.org/resource/International_Atomic_Time	http://www.wikidata.org/entity/Q119395
http://dbpedia.org/resource/Alexander_III_of_Russia	http://www.wikidata.org/entity/Q120180
http://dbpedia.org/resource/Absolute_value	http://www.wikidata.org/entity/Q120812
http://dbpedia.org/resource/Acupuncture	http://www.wikidata.org/entity/Q121713
http://dbpedia.org/resource/Anagram	http://www.wikidata.org/entity/Q122981
http://dbpedia.org/resource/Ammonius_Hermiae	http://www.wikidata.org/entity/Q123147
http://dbpedia.org/resource/Agate	http://www.wikidata.org/entity/Q123314
http://dbpedia.org/resource/Alexander_II_of_Epirus	http://www.wikidata.org/entity/Q124346
http://dbpedia.org/resource/Aloe	http://www.wikidata.org/entity/Q127134
http://dbpedia.org/resource/Actinopterygii	http://www.wikidata.org/entity/Q127282
http://dbpedia.org/resource/Agamemnon	http://www.wikidata.org/entity/Q128176
http://dbpedia.org/resource/Alexander_Mackenzie	http://www.wikidata.org/entity/Q128708
http://dbpedia.org/resource/Advanced_Micro_Devices	http://www.wikidata.org/entity/Q128896
http://dbpedia.org/resource/Armoured_fighting_vehicle	http://www.wikidata.org/entity/Q130368
http://dbpedia.org/resource/Acropolis_of_Athens	http://www.wikidata.org/entity/Q131013
http://dbpedia.org/resource/Anna_Kournikova	http://www.wikidata.org/entity/Q131120
http://dbpedia.org/resource/Ark_of_the_Covenant	http://www.wikidata.org/entity/Q131316
http://dbpedia.org/resource/Ambrosia	http://www.wikidata.org/entity/Q131409
http://dbpedia.org/resource/Acropolis	http://www.wikidata.org/entity/Q131668
http://dbpedia.org/resource/Anatoly_Karpov	http://www.wikidata.org/entity/Q131674
http://dbpedia.org/resource/Adhesive	http://www.wikidata.org/entity/Q131790
http://dbpedia.org/resource/Ayn_Rand	http://www.wikidata.org/entity/Q132524
http://dbpedia.org/resource/Alemanni	http://www.wikidata.org/entity/Q132990
http://dbpedia.org/resource/Acetylene	http://www.wikidata.org/entity/Q133145
http://dbpedia.org/resource/Ashmore_and_Cartier_Islands	http://www.wikidata.org/entity/Q133888
http://dbpedia.org/resource/Agnostida	http://www.wikidata.org/entity/Q134109
http://dbpedia.org/resource/Aba	http://www.wikidata.org/entity/Q134110
http://dbpedia.org/resource/Amazons	http://www.wikidata.org/entity/Q134154
http://dbpedia.org/resource/Analytic_geometry	http://www.wikidata.org/entity/Q134787
http://dbpedia.org/resource/Acantharea	http://www.wikidata.org/entity/Q135584
http://dbpedia.org/resource/Alabaster	http://www.wikidata.org/entity/Q143447
http://dbpedia.org/resource/Apiaceae	http://www.wikidata.org/entity/Q145794
http://dbpedia.org/resource/Accusative_case	http://www.wikidata.org/entity/Q146078
http://dbpedia.org/resource/Allophone	http://www.wikidata.org/entity/Q146863
http://dbpedia.org/resource/Alexanderplatz	http://www.wikidata.org/entity/Q152783
http://dbpedia.org/resource/Alboin	http://www.wikidata.org/entity/Q152877
http://dbpedia.org/resource/Albrecht_Altdorfer	http://www.wikidata.org/entity/Q153746
http://dbpedia.org/resource/Aristide_Maillol	http://www.wikidata.org/entity/Q153920
http://dbpedia.org/resource/Alcuin	http://www.wikidata.org/entity/Q154332
http://dbpedia.org/resource/Anxiety	http://www.wikidata.org/entity/Q154430
http://dbpedia.org/resource/Ada	http://www.wikidata.org/entity/Q154614
http://dbpedia.org/resource/Agrippina_the_Younger	http://www.wikidata.org/entity/Q154732
http://dbpedia.org/resource/Ada_(programming_language)	http://www.wikidata.org/entity/Q154755
http://dbpedia.org/resource/Albert_the_Bear	http://www.wikidata.org/entity/Q156041
http://dbpedia.org/resource/Amaranth	http://www.wikidata.org/entity/Q156344
http://dbpedia.org/resource/Ablative_case	http://www.wikidata.org/entity/Q156986
http://dbpedia.org/resource/Alberto_Giacometti	http://www.wikidata.org/entity/Q157194
http://dbpedia.org/resource/Arcadius	http://www.wikidata.org/entity/Q159369
http://dbpedia.org/resource/Adam_Weishaupt	http://www.wikidata.org/entity/Q159481
http://dbpedia.org/resource/Absolute_magnitude	http://www.wikidata.org/entity/Q159653
http://dbpedia.org/resource/Anno_Domini	http://www.wikidata.org/entity/Q159791
http://dbpedia.org/resource/Anton_Diabelli	http://www.wikidata.org/entity/Q160061
http://dbpedia.org/resource/Ailanthus	http://www.wikidata.org/entity/Q160580
http://dbpedia.org/resource/Alfred_Russel_Wallace	http://www.wikidata.org/entity/Q160627
http://dbpedia.org/resource/Abbey	http://www.wikidata.org/entity/Q160742
http://dbpedia.org/resource/Tank_destroyer	http://www.wikidata.org/entity/Q161161
http://dbpedia.org/resource/Agapanthus_africanus	http://www.wikidata.org/entity/Q161256
http://dbpedia.org/resource/Amaryllis	http://www.wikidata.org/entity/Q161577
http://dbpedia.org/resource/Andromeda_(mythology)	http://www.wikidata.org/entity/Q161582
http://dbpedia.org/resource/Abscess	http://www.wikidata.org/entity/Q164655
http://dbpedia.org/resource/Assembly_language	http://www.wikidata.org/entity/Q165436
http://dbpedia.org/resource/Amine	http://www.wikidata.org/entity/Q167198
http://dbpedia.org/resource/Altruism	http://www.wikidata.org/entity/Q167323
http://dbpedia.org/resource/Asphalt	http://www.wikidata.org/entity/Q167510
http://dbpedia.org/resource/House_of_Ascania	http://www.wikidata.org/entity/Q168352
http://dbpedia.org/resource/Anchor	http://www.wikidata.org/entity/Q168432
http://dbpedia.org/resource/Algebraic_number	http://www.wikidata.org/entity/Q168817
http://dbpedia.org/resource/Ajax	http://www.wikidata.org/entity/Q169527
http://dbpedia.org/resource/Apuleius	http://www.wikidata.org/entity/Q170512
http://dbpedia.org/resource/Hercule_Poirot	http://www.wikidata.org/entity/Q170534
http://dbpedia.org/resource/Advance_Australia_Fair	http://www.wikidata.org/entity/Q170601
http://dbpedia.org/resource/Arthritis	http://www.wikidata.org/entity/Q170990
http://dbpedia.org/resource/Ammianus_Marcellinus	http://www.wikidata.org/entity/Q172198
http://dbpedia.org/resource/Aeolus	http://www.wikidata.org/entity/Q172549
http://dbpedia.org/resource/Aleister_Crowley	http://www.wikidata.org/entity/Q172684
http://dbpedia.org/resource/Ajax_(mythology)	http://www.wikidata.org/entity/Q172725
http://dbpedia.org/resource/Antipope	http://www.wikidata.org/entity/Q172748
http://dbpedia.org/resource/Analgesic	http://www.wikidata.org/entity/Q173235
http://dbpedia.org/resource/Art_Deco	http://www.wikidata.org/entity/Q173782
http://dbpedia.org/resource/Book_of_Amos	http://www.wikidata.org/entity/Q174677
http://dbpedia.org/resource/Analog_signal	http://www.wikidata.org/entity/Q174948
http://dbpedia.org/resource/Arabic_numerals	http://www.wikidata.org/entity/Q176471
http://dbpedia.org/resource/Andrey_Markov	http://www.wikidata.org/entity/Q176659
http://dbpedia.org/resource/Area_51	http://www.wikidata.org/entity/Q177397
http://dbpedia.org/resource/Asgard	http://www.wikidata.org/entity/Q178182
http://dbpedia.org/resource/Apollo_14	http://www.wikidata.org/entity/Q178871
http://dbpedia.org/resource/Axon	http://www.wikidata.org/entity/Q178999
http://dbpedia.org/resource/American_National_Standards_Institute	http://www.wikidata.org/entity/Q180003
http://dbpedia.org/resource/Algebraic_geometry	http://www.wikidata.org/entity/Q180969
http://dbpedia.org/resource/Apollo_17	http://www.wikidata.org/entity/Q180971
http://dbpedia.org/resource/Anode	http://www.wikidata.org/entity/Q181232
http://dbpedia.org/resource/Astrometry	http://www.wikidata.org/entity/Q181505
http://dbpedia.org/resource/Android_(robot)	http://www.wikidata.org/entity/Q181787
http://dbpedia.org/resource/Apollo_13	http://www.wikidata.org/entity/Q182252
http://dbpedia.org/resource/Antiparticle	http://www.wikidata.org/entity/Q182717
http://dbpedia.org/resource/Antarctic_Treaty_System	http://www.wikidata.org/entity/Q182814
http://dbpedia.org/resource/Alessandro_Scarlatti	http://www.wikidata.org/entity/Q183087
http://dbpedia.org/resource/Adobe	http://www.wikidata.org/entity/Q183496
http://dbpedia.org/resource/Amplitude_modulation	http://www.wikidata.org/entity/Q183755
http://dbpedia.org/resource/Apollo_8	http://www.wikidata.org/entity/Q184201
http://dbpedia.org/resource/Andrew_Wiles	http://www.wikidata.org/entity/Q184433
http://dbpedia.org/resource/Anthroposophy	http://www.wikidata.org/entity/Q184719
http://dbpedia.org/resource/Abjad	http://www.wikidata.org/entity/Q185087
http://dbpedia.org/resource/Aardwolf	http://www.wikidata.org/entity/Q185295
http://dbpedia.org/resource/A_cappella	http://www.wikidata.org/entity/Q185298
http://dbpedia.org/resource/Alexis_Carrel	http://www.wikidata.org/entity/Q185777
http://dbpedia.org/resource/Array_data_structure	http://www.wikidata.org/entity/Q186152
http://dbpedia.org/resource/Andaman_Islands	http://www.wikidata.org/entity/Q186233
http://dbpedia.org/resource/Autosome	http://www.wikidata.org/entity/Q186380
http://dbpedia.org/resource/ATP	http://www.wikidata.org/entity/Q186929
http://dbpedia.org/resource/Augustin-Jean_Fresnel	http://www.wikidata.org/entity/Q187241
http://dbpedia.org/resource/Apollo_16	http://www.wikidata.org/entity/Q188168
http://dbpedia.org/resource/ALGOL	http://www.wikidata.org/entity/Q188436
http://dbpedia.org/resource/Apollo_12	http://www.wikidata.org/entity/Q188433
http://dbpedia.org/resource/Apollo_7	http://www.wikidata.org/entity/Q188486
http://dbpedia.org/resource/Alternative_medicine	http://www.wikidata.org/entity/Q188504
http://dbpedia.org/resource/Ambergris	http://www.wikidata.org/entity/Q188774
http://dbpedia.org/resource/Amide	http://www.wikidata.org/entity/Q188777
http://dbpedia.org/resource/Aquaculture	http://www.wikidata.org/entity/Q188989
http://dbpedia.org/resource/Ad_hominem	http://www.wikidata.org/entity/Q189183
http://dbpedia.org/resource/Aberdeenshire	http://www.wikidata.org/entity/Q189912
http://dbpedia.org/resource/Alcmene	http://www.wikidata.org/entity/Q190543
http://dbpedia.org/resource/Advanced_Encryption_Standard	http://www.wikidata.org/entity/Q190746
http://dbpedia.org/resource/AZ_Alkmaar	http://www.wikidata.org/entity/Q191264
http://dbpedia.org/resource/Apollo_10	http://www.wikidata.org/entity/Q191746
http://dbpedia.org/resource/Achaeans_(Homer)	http://www.wikidata.org/entity/Q191962
http://dbpedia.org/resource/Abydos,_Egypt	http://www.wikidata.org/entity/Q192268
http://dbpedia.org/resource/Anarcho-capitalism	http://www.wikidata.org/entity/Q192424
http://dbpedia.org/resource/Aliphatic_compound	http://www.wikidata.org/entity/Q192596
http://dbpedia.org/resource/Annual_plant	http://www.wikidata.org/entity/Q192691
http://dbpedia.org/resource/American_Revolution	http://www.wikidata.org/entity/Q192769
http://dbpedia.org/resource/Apicomplexa	http://www.wikidata.org/entity/Q193030
http://dbpedia.org/resource/ASCII_art	http://www.wikidata.org/entity/Q193097
http://dbpedia.org/resource/Delian_League	http://www.wikidata.org/entity/Q193235
http://dbpedia.org/resource/Anglican_Communion	http://www.wikidata.org/entity/Q193312
http://dbpedia.org/resource/Miss_Marple	http://www.wikidata.org/entity/Q193531
http://dbpedia.org/resource/Anointing_of_the_Sick	http://www.wikidata.org/entity/Q193770
http://dbpedia.org/resource/Apollo_15	http://www.wikidata.org/entity/Q194068
http://dbpedia.org/resource/Apollo_1	http://www.wikidata.org/entity/Q194082
http://dbpedia.org/resource/Ahmed_III	http://www.wikidata.org/entity/Q199482
http://dbpedia.org/resource/Ahmed_II	http://www.wikidata.org/entity/Q199660
http://dbpedia.org/resource/Ahmad_Shah_Massoud	http://www.wikidata.org/entity/Q200029
http://dbpedia.org/resource/Alp_Arslan	http://www.wikidata.org/entity/Q200193
http://dbpedia.org/resource/AppleTalk	http://www.wikidata.org/entity/Q200606
http://dbpedia.org/resource/Apple_II_series	http://www.wikidata.org/entity/Q201652
http://dbpedia.org/resource/Austrian_School	http://www.wikidata.org/entity/Q203411
http://dbpedia.org/resource/Apollo_9	http://www.wikidata.org/entity/Q203651
http://dbpedia.org/resource/Ancient_philosophy	http://www.wikidata.org/entity/Q204100
http://dbpedia.org/resource/Afonso_de_Albuquerque	http://www.wikidata.org/entity/Q204397
http://dbpedia.org/resource/Ægir	http://www.wikidata.org/entity/Q204927
http://dbpedia.org/resource/Aedile	http://www.wikidata.org/entity/Q205757
http://dbpedia.org/resource/Asynchronous_Transfer_Mode	http://www.wikidata.org/entity/Q206047
http://dbpedia.org/resource/Ancus_Marcius	http://www.wikidata.org/entity/Q206741
http://dbpedia.org/resource/A._A._Milne	http://www.wikidata.org/entity/Q207036
http://dbpedia.org/resource/Alexander_I	http://www.wikidata.org/entity/Q207281
http://dbpedia.org/resource/All_Quiet_on_the_Western_Front	http://www.wikidata.org/entity/Q207332
http://dbpedia.org/resource/American_Film_Institute	http://www.wikidata.org/entity/Q207460
http://dbpedia.org/resource/AD_(disambiguation)	http://www.wikidata.org/entity/Q207481
http://dbpedia.org/resource/Abraxas	http://www.wikidata.org/entity/Q207730
http://dbpedia.org/resource/Casa_Milà	http://www.wikidata.org/entity/Q207870
http://dbpedia.org/resource/Atari	http://www.wikidata.org/entity/Q207922
http://dbpedia.org/resource/Actaeon	http://www.wikidata.org/entity/Q208531
http://dbpedia.org/resource/Amazing_Grace	http://www.wikidata.org/entity/Q210211
http://dbpedia.org/resource/Atle_Selberg	http://www.wikidata.org/entity/Q211041
http://dbpedia.org/resource/Alexander_III_of_Scotland	http://www.wikidata.org/entity/Q211109
http://dbpedia.org/resource/Alexandrine	http://www.wikidata.org/entity/Q211689
http://dbpedia.org/resource/Aquila	http://www.wikidata.org/entity/Q211757
http://dbpedia.org/resource/Ask_and_Embla	http://www.wikidata.org/entity/Q212858
http://dbpedia.org/resource/Park_Güell	http://www.wikidata.org/entity/Q212867
http://dbpedia.org/resource/Alcaeus_of_Mytilene	http://www.wikidata.org/entity/Q212872
http://dbpedia.org/resource/Ataxia	http://www.wikidata.org/entity/Q213373
http://dbpedia.org/resource/Archimedean_solid	http://www.wikidata.org/entity/Q213486
http://dbpedia.org/resource/AWK	http://www.wikidata.org/entity/Q213970
http://dbpedia.org/resource/Arthur_Eddington	http://www.wikidata.org/entity/Q215022
http://dbpedia.org/resource/Adventism	http://www.wikidata.org/entity/Q215168
http://dbpedia.org/resource/Australian_Labor_Party	http://www.wikidata.org/entity/Q216082
http://dbpedia.org/resource/Actium	http://www.wikidata.org/entity/Q216551
http://dbpedia.org/resource/Adaptive_radiation	http://www.wikidata.org/entity/Q216818
http://dbpedia.org/resource/Amphipolis	http://www.wikidata.org/entity/Q217414
http://dbpedia.org/resource/Albert_II	http://www.wikidata.org/entity/Q217444
http://dbpedia.org/resource/Analysis	http://www.wikidata.org/entity/Q217602
http://dbpedia.org/resource/Austin_(disambiguation)	http://www.wikidata.org/entity/Q218287
http://dbpedia.org/resource/AV	http://www.wikidata.org/entity/Q219084
http://dbpedia.org/resource/Alexander_II	http://www.wikidata.org/entity/Q219281
http://dbpedia.org/resource/Anazarbus	http://www.wikidata.org/entity/Q219525
http://dbpedia.org/resource/Arachnophobia	http://www.wikidata.org/entity/Q220783
http://dbpedia.org/resource/Avionics	http://www.wikidata.org/entity/Q221329
http://dbpedia.org/resource/Anaximenes_of_Lampsacus	http://www.wikidata.org/entity/Q221787
http://dbpedia.org/resource/Alfonso_V	http://www.wikidata.org/entity/Q221801
http://dbpedia.org/resource/Acting	http://www.wikidata.org/entity/Q222749
http://dbpedia.org/resource/Albert_I	http://www.wikidata.org/entity/Q222957
http://dbpedia.org/resource/Athenian_democracy	http://www.wikidata.org/entity/Q223767
http://dbpedia.org/resource/Alexander_Selkirk	http://www.wikidata.org/entity/Q223797
http://dbpedia.org/resource/AW	http://www.wikidata.org/entity/Q223828
http://dbpedia.org/resource/Alexander_III	http://www.wikidata.org/entity/Q223874
http://dbpedia.org/resource/ASP	http://www.wikidata.org/entity/Q223883
http://dbpedia.org/resource/Absorption	http://www.wikidata.org/entity/Q224058
http://dbpedia.org/resource/Arizona_Cardinals	http://www.wikidata.org/entity/Q224164
http://dbpedia.org/resource/Abydos	http://www.wikidata.org/entity/Q224842
http://dbpedia.org/resource/Alternate_history	http://www.wikidata.org/entity/Q224989
http://dbpedia.org/resource/Atlantic_(disambiguation)	http://www.wikidata.org/entity/Q225870
http://dbpedia.org/resource/Alien	http://www.wikidata.org/entity/Q226391
http://dbpedia.org/resource/Abduction	http://www.wikidata.org/entity/Q226590
http://dbpedia.org/resource/Animal_(disambiguation)	http://www.wikidata.org/entity/Q227922
http://dbpedia.org/resource/Alfred	http://www.wikidata.org/entity/Q228187
http://dbpedia.org/resource/Asa	http://www.wikidata.org/entity/Q228803
http://dbpedia.org/resource/Agrippina_the_Elder	http://www.wikidata.org/entity/Q229413
http://dbpedia.org/resource/Aromatic_hydrocarbon	http://www.wikidata.org/entity/Q230731
http://dbpedia.org/resource/Ani_DiFranco	http://www.wikidata.org/entity/Q232462
http://dbpedia.org/resource/Allah	http://www.wikidata.org/entity/Q234801
http://dbpedia.org/resource/Ahab	http://www.wikidata.org/entity/Q235901
http://dbpedia.org/resource/Alexander_II_of_Scotland	http://www.wikidata.org/entity/Q237889
http://dbpedia.org/resource/Azincourt	http://www.wikidata.org/entity/Q238339
http://dbpedia.org/resource/Amber_Road	http://www.wikidata.org/entity/Q239574
http://dbpedia.org/resource/Ajax_the_Lesser	http://www.wikidata.org/entity/Q242319
http://dbpedia.org/resource/Annealing	http://www.wikidata.org/entity/Q243197
http://dbpedia.org/resource/Adalbert_of_Prague	http://www.wikidata.org/entity/Q243427
http://dbpedia.org/resource/A._J._Ayer	http://www.wikidata.org/entity/Q243757
http://dbpedia.org/resource/Ampicillin	http://www.wikidata.org/entity/Q244150
http://dbpedia.org/resource/Ally_McBeal	http://www.wikidata.org/entity/Q244803
http://dbpedia.org/resource/Abbotsford_House	http://www.wikidata.org/entity/Q246076
http://dbpedia.org/resource/APL	http://www.wikidata.org/entity/Q247999
http://dbpedia.org/resource/Agis	http://www.wikidata.org/entity/Q249118
http://dbpedia.org/resource/Álfheimr	http://www.wikidata.org/entity/Q250646
http://dbpedia.org/resource/Alfonso_I	http://www.wikidata.org/entity/Q252347
http://dbpedia.org/resource/Athene_(disambiguation)	http://www.wikidata.org/entity/Q254453
http://dbpedia.org/resource/Abensberg	http://www.wikidata.org/entity/Q255698
http://dbpedia.org/resource/List_of_animated_television_series	http://www.wikidata.org/entity/Q256484
http://dbpedia.org/resource/ABM	http://www.wikidata.org/entity/Q257791
http://dbpedia.org/resource/Analog_television	http://www.wikidata.org/entity/Q258137
http://dbpedia.org/resource/A_Modest_Proposal	http://www.wikidata.org/entity/Q264143
http://dbpedia.org/resource/Atomic	http://www.wikidata.org/entity/Q265838
http://dbpedia.org/resource/August_Wilhelm_Ambros	http://www.wikidata.org/entity/Q265995
http://dbpedia.org/resource/Dasyproctidae	http://www.wikidata.org/entity/Q267132
http://dbpedia.org/resource/IBM_AIX	http://www.wikidata.org/entity/Q269856
http://dbpedia.org/resource/Andrew_II_of_Hungary	http://www.wikidata.org/entity/Q271104
http://dbpedia.org/resource/Ælle_of_Sussex	http://www.wikidata.org/entity/Q271406
http://dbpedia.org/resource/Agesilaus_II	http://www.wikidata.org/entity/Q271850
http://dbpedia.org/resource/Atlanta_Falcons	http://www.wikidata.org/entity/Q272059
http://dbpedia.org/resource/Afonso_IV_of_Portugal	http://www.wikidata.org/entity/Q272903
http://dbpedia.org/resource/American_Football_Conference	http://www.wikidata.org/entity/Q276530
http://dbpedia.org/resource/Abaddon	http://www.wikidata.org/entity/Q276765
http://dbpedia.org/resource/Academy_Award_for_Best_Production_Design	http://www.wikidata.org/entity/Q277751
http://dbpedia.org/resource/ABC	http://www.wikidata.org/entity/Q286874
http://dbpedia.org/resource/ACN	http://www.wikidata.org/entity/Q288563
http://dbpedia.org/resource/Agnosticism	http://www.wikidata.org/entity/Q288928
http://dbpedia.org/resource/AM	http://www.wikidata.org/entity/Q294600
http://dbpedia.org/resource/Antipope_John_XXIII	http://www.wikidata.org/entity/Q294599
http://dbpedia.org/resource/Afonso_III_of_Portugal	http://www.wikidata.org/entity/Q295850
http://dbpedia.org/resource/APL_(programming_language)	http://www.wikidata.org/entity/Q296187
http://dbpedia.org/resource/Afonso_II_of_Portugal	http://www.wikidata.org/entity/Q296463
http://dbpedia.org/resource/ASA	http://www.wikidata.org/entity/Q297197
http://dbpedia.org/resource/Alvin_Toffler	http://www.wikidata.org/entity/Q297425
http://dbpedia.org/resource/Alexander_I_of_Serbia	http://www.wikidata.org/entity/Q297547
http://dbpedia.org/resource/Andronicus	http://www.wikidata.org/entity/Q297571
http://dbpedia.org/resource/Alexander_Balas	http://www.wikidata.org/entity/Q297657
http://dbpedia.org/resource/ASIC_(disambiguation)	http://www.wikidata.org/entity/Q297725
http://dbpedia.org/resource/ASL_(disambiguation)	http://www.wikidata.org/entity/Q297860
http://dbpedia.org/resource/Anthemius_of_Tralles	http://www.wikidata.org/entity/Q298226
http://dbpedia.org/resource/Alexander_IV	http://www.wikidata.org/entity/Q298510
http://dbpedia.org/resource/Altenberg	http://www.wikidata.org/entity/Q298627
http://dbpedia.org/resource/ATM	http://www.wikidata.org/entity/Q299037
http://dbpedia.org/resource/Afonso_V_of_Portugal	http://www.wikidata.org/entity/Q299119
http://dbpedia.org/resource/Antipope_Felix_II	http://www.wikidata.org/entity/Q299410
http://dbpedia.org/resource/Appendix	http://www.wikidata.org/entity/Q299480
http://dbpedia.org/resource/Alyattes_of_Lydia	http://www.wikidata.org/entity/Q299551
http://dbpedia.org/resource/Aalborg_Municipality	http://www.wikidata.org/entity/Q300856
http://dbpedia.org/resource/Ababda_people	http://www.wikidata.org/entity/Q304307
http://dbpedia.org/resource/Abae	http://www.wikidata.org/entity/Q304823
http://dbpedia.org/resource/Austrian_German	http://www.wikidata.org/entity/Q306626
http://dbpedia.org/resource/Ammonius_Saccas	http://www.wikidata.org/entity/Q310173
http://dbpedia.org/resource/Akio_Morita	http://www.wikidata.org/entity/Q310845
http://dbpedia.org/resource/Amasis_II	http://www.wikidata.org/entity/Q312045
http://dbpedia.org/resource/Alfonso_V_of_Aragon	http://www.wikidata.org/entity/Q312304
http://dbpedia.org/resource/Agathocles_of_Syracuse	http://www.wikidata.org/entity/Q312326
http://dbpedia.org/resource/Alexei_Petrovich,_Tsarevich_of_Russia	http://www.wikidata.org/entity/Q313319
http://dbpedia.org/resource/Absalon	http://www.wikidata.org/entity/Q313548
http://dbpedia.org/resource/Alain_Connes	http://www.wikidata.org/entity/Q313590
http://dbpedia.org/resource/Amyntas_III_of_Macedon	http://www.wikidata.org/entity/Q313907
http://dbpedia.org/resource/Amyntas_I_of_Macedon	http://www.wikidata.org/entity/Q313912
http://dbpedia.org/resource/A._E._van_Vogt	http://www.wikidata.org/entity/Q315059
http://dbpedia.org/resource/Agostino_Carracci	http://www.wikidata.org/entity/Q316269
http://dbpedia.org/resource/Act_of_Settlement_1701	http://www.wikidata.org/entity/Q316537
http://dbpedia.org/resource/Alexander_of_Aphrodisias	http://www.wikidata.org/entity/Q317146
http://dbpedia.org/resource/Abdulaziz_al-Omari	http://www.wikidata.org/entity/Q317494
http://dbpedia.org/resource/Alexander_Jannaeus	http://www.wikidata.org/entity/Q319107
http://dbpedia.org/resource/Aberdeen_(disambiguation)	http://www.wikidata.org/entity/Q319411
http://dbpedia.org/resource/Saint_Titus	http://www.wikidata.org/entity/Q320136
http://dbpedia.org/resource/The_Plague	http://www.wikidata.org/entity/Q320372
http://dbpedia.org/resource/Abner_Doubleday	http://www.wikidata.org/entity/Q322555
http://dbpedia.org/resource/André_Weil	http://www.wikidata.org/entity/Q323232
http://dbpedia.org/resource/Anacharsis	http://www.wikidata.org/entity/Q325026
http://dbpedia.org/resource/Afro_Celt_Sound_System	http://www.wikidata.org/entity/Q325111
http://dbpedia.org/resource/Age_of_consent	http://www.wikidata.org/entity/Q327538
http://dbpedia.org/resource/Alessandro_Allori	http://www.wikidata.org/entity/Q333369
http://dbpedia.org/resource/Alfred_Korzybski	http://www.wikidata.org/entity/Q333402
http://dbpedia.org/resource/Analysis_of_algorithms	http://www.wikidata.org/entity/Q333464
http://dbpedia.org/resource/Abu_Bakr	http://www.wikidata.org/entity/Q334923
http://dbpedia.org/resource/Abu_Sayyaf	http://www.wikidata.org/entity/Q335361
http://dbpedia.org/resource/Alexander_I_of_Epirus	http://www.wikidata.org/entity/Q335658
http://dbpedia.org/resource/Abugida	http://www.wikidata.org/entity/Q335806
http://dbpedia.org/resource/Annales_School	http://www.wikidata.org/entity/Q336241
http://dbpedia.org/resource/Abydos_(Hellespont)	http://www.wikidata.org/entity/Q336446
http://dbpedia.org/resource/Abzyme	http://www.wikidata.org/entity/Q336782
http://dbpedia.org/resource/Alessandro_Algardi	http://www.wikidata.org/entity/Q336798
http://dbpedia.org/resource/Alfonso_III_of_Aragon	http://www.wikidata.org/entity/Q336855
http://dbpedia.org/resource/Acadia_University	http://www.wikidata.org/entity/Q337382
http://dbpedia.org/resource/Accelerated_Graphics_Port	http://www.wikidata.org/entity/Q338808
http://dbpedia.org/resource/Acorn_Electron	http://www.wikidata.org/entity/Q342163
http://dbpedia.org/resource/Acquire	http://www.wikidata.org/entity/Q342547
http://dbpedia.org/resource/Action_Against_Hunger	http://www.wikidata.org/entity/Q343624
http://dbpedia.org/resource/Alphonse,_Count_of_Poitiers	http://www.wikidata.org/entity/Q343969
http://dbpedia.org/resource/Ark	http://www.wikidata.org/entity/Q344964
http://dbpedia.org/resource/Alfonso_VI	http://www.wikidata.org/entity/Q346587
http://dbpedia.org/resource/Albert_III	http://www.wikidata.org/entity/Q347739
http://dbpedia.org/resource/Adamic_language	http://www.wikidata.org/entity/Q351633
http://dbpedia.org/resource/Arthur_Wellesley	http://www.wikidata.org/entity/Q351980
http://dbpedia.org/resource/Andronicus_of_Rhodes	http://www.wikidata.org/entity/Q352988
http://dbpedia.org/resource/Additive_synthesis	http://www.wikidata.org/entity/Q353280
http://dbpedia.org/resource/Alfonso_II_of_Asturias	http://www.wikidata.org/entity/Q360388
http://dbpedia.org/resource/Albert_Sidney_Johnston	http://www.wikidata.org/entity/Q361140
http://dbpedia.org/resource/Anglo-Saxon_(disambiguation)	http://www.wikidata.org/entity/Q361790
http://dbpedia.org/resource/Andriscus	http://www.wikidata.org/entity/Q362068
http://dbpedia.org/resource/Assault	http://www.wikidata.org/entity/Q365680
http://dbpedia.org/resource/Anaxarchus	http://www.wikidata.org/entity/Q366031
http://dbpedia.org/resource/Aga_Khan_III	http://www.wikidata.org/entity/Q366213
http://dbpedia.org/resource/Albert_Pike	http://www.wikidata.org/entity/Q366639
http://dbpedia.org/resource/Agasias	http://www.wikidata.org/entity/Q366650
http://dbpedia.org/resource/Astronomer_Royal	http://www.wikidata.org/entity/Q369877
http://dbpedia.org/resource/Amara_Sinha	http://www.wikidata.org/entity/Q370113
http://dbpedia.org/resource/Amalasuntha	http://www.wikidata.org/entity/Q371670
http://dbpedia.org/resource/Adrian	http://www.wikidata.org/entity/Q372250
http://dbpedia.org/resource/Sid_Meier's_Alpha_Centauri	http://www.wikidata.org/entity/Q372412
http://dbpedia.org/resource/Advanced_Chemistry	http://www.wikidata.org/entity/Q379404
http://dbpedia.org/resource/Arrangement	http://www.wikidata.org/entity/Q379755
http://dbpedia.org/resource/Alfonso_IV_of_Aragon	http://www.wikidata.org/entity/Q380088
http://dbpedia.org/resource/Ayahuasca	http://www.wikidata.org/entity/Q380436
http://dbpedia.org/resource/Agathon	http://www.wikidata.org/entity/Q380482
http://dbpedia.org/resource/Antimicrobial_resistance	http://www.wikidata.org/entity/Q380775
http://dbpedia.org/resource/Alan_Garner	http://www.wikidata.org/entity/Q384481
http://dbpedia.org/resource/Africa_Alphabet	http://www.wikidata.org/entity/Q384749
http://dbpedia.org/resource/Andocides	http://www.wikidata.org/entity/Q391654
http://dbpedia.org/resource/Ambient	http://www.wikidata.org/entity/Q394304
http://dbpedia.org/resource/Alfonso_III	http://www.wikidata.org/entity/Q396511
http://dbpedia.org/resource/Alfonso_II	http://www.wikidata.org/entity/Q396517
http://dbpedia.org/resource/Alfonso_IV	http://www.wikidata.org/entity/Q396523
http://dbpedia.org/resource/Anastasius_I	http://www.wikidata.org/entity/Q397807
http://dbpedia.org/resource/Anastasius_II	http://www.wikidata.org/entity/Q400874
http://dbpedia.org/resource/Antipope_Victor_IV	http://www.wikidata.org/entity/Q405986
http://dbpedia.org/resource/Appomattox	http://www.wikidata.org/entity/Q412315
http://dbpedia.org/resource/Apple_III	http://www.wikidata.org/entity/Q420769
http://dbpedia.org/resource/Acute_disseminated_encephalomyelitis	http://www.wikidata.org/entity/Q424242
http://dbpedia.org/resource/Amazonite	http://www.wikidata.org/entity/Q429786
http://dbpedia.org/resource/Automated_theorem_proving	http://www.wikidata.org/entity/Q431667
http://dbpedia.org/resource/Alcidamas	http://www.wikidata.org/entity/Q444459
http://dbpedia.org/resource/Amalaric	http://www.wikidata.org/entity/Q452673
http://dbpedia.org/resource/Amalric_of_Bena	http://www.wikidata.org/entity/Q453365
http://dbpedia.org/resource/Affidavit	http://www.wikidata.org/entity/Q454263
http://dbpedia.org/resource/Assembly_line	http://www.wikidata.org/entity/Q455037
http://dbpedia.org/resource/Alexis_Korner	http://www.wikidata.org/entity/Q455236
http://dbpedia.org/resource/Amateur	http://www.wikidata.org/entity/Q455595
http://dbpedia.org/resource/Amati	http://www.wikidata.org/entity/Q455758
http://dbpedia.org/resource/Alfred_Lawson	http://www.wikidata.org/entity/Q457755
http://dbpedia.org/resource/St._Ambrose_Traversari	http://www.wikidata.org/entity/Q458842
http://dbpedia.org/resource/Ambroise	http://www.wikidata.org/entity/Q458885
http://dbpedia.org/resource/Autpert_Ambrose	http://www.wikidata.org/entity/Q459604
http://dbpedia.org/resource/Ambrosius_Aurelianus	http://www.wikidata.org/entity/Q459606
http://dbpedia.org/resource/Casa_Batlló	http://www.wikidata.org/entity/Q461371
http://dbpedia.org/resource/Atlanta_Braves	http://www.wikidata.org/entity/Q461595
http://dbpedia.org/resource/America_the_Beautiful	http://www.wikidata.org/entity/Q463167
http://dbpedia.org/resource/American_Airlines_Flight_77	http://www.wikidata.org/entity/Q463237
http://dbpedia.org/resource/Andrea_Alciato	http://www.wikidata.org/entity/Q464471
http://dbpedia.org/resource/American_Football_League	http://www.wikidata.org/entity/Q464508
http://dbpedia.org/resource/American_Media_(publisher)	http://www.wikidata.org/entity/Q465666
http://dbpedia.org/resource/Alexander_of_Pherae	http://www.wikidata.org/entity/Q465694
http://dbpedia.org/resource/American_Quarter_Horse	http://www.wikidata.org/entity/Q466602
http://dbpedia.org/resource/Anisotropy	http://www.wikidata.org/entity/Q466686
http://dbpedia.org/resource/Ames,_Iowa	http://www.wikidata.org/entity/Q470273
http://dbpedia.org/resource/Ammon	http://www.wikidata.org/entity/Q473433
http://dbpedia.org/resource/Amos_Bronson_Alcott	http://www.wikidata.org/entity/Q474235
http://dbpedia.org/resource/Amram	http://www.wikidata.org/entity/Q477527
http://dbpedia.org/resource/Amstrad_CPC	http://www.wikidata.org/entity/Q478829
http://dbpedia.org/resource/Amway	http://www.wikidata.org/entity/Q481800
http://dbpedia.org/resource/Author	http://www.wikidata.org/entity/Q482980
http://dbpedia.org/resource/Artist	http://www.wikidata.org/entity/Q483501
http://dbpedia.org/resource/Andrew_Carnegie	http://www.wikidata.org/entity/Q484265
http://dbpedia.org/resource/Armour	http://www.wikidata.org/entity/Q485027
http://dbpedia.org/resource/Ann_Arbor,_Michigan	http://www.wikidata.org/entity/Q485172
http://dbpedia.org/resource/Analytical_Engine	http://www.wikidata.org/entity/Q485257
http://dbpedia.org/resource/Apache_Software_Foundation	http://www.wikidata.org/entity/Q489709
http://dbpedia.org/resource/Astoria,_Oregon	http://www.wikidata.org/entity/Q490724
http://dbpedia.org/resource/Agrarianism	http://www.wikidata.org/entity/Q492050
http://dbpedia.org/resource/Andrea_Andreani	http://www.wikidata.org/entity/Q493332
http://dbpedia.org/resource/Articles_of_Confederation	http://www.wikidata.org/entity/Q493620
http://dbpedia.org/resource/Allocution	http://www.wikidata.org/entity/Q504275
http://dbpedia.org/resource/Alcamenes	http://www.wikidata.org/entity/Q505640
http://dbpedia.org/resource/Andrew_Tridgell	http://www.wikidata.org/entity/Q508095
http://dbpedia.org/resource/August_Derleth	http://www.wikidata.org/entity/Q509002
http://dbpedia.org/resource/ABCD	http://www.wikidata.org/entity/Q509435
http://dbpedia.org/resource/Mouthwash	http://www.wikidata.org/entity/Q518968
http://dbpedia.org/resource/Politics_of_Antigua_and_Barbuda	http://www.wikidata.org/entity/Q521932
http://dbpedia.org/resource/Atanasoff–Berry_computer	http://www.wikidata.org/entity/Q522906
http://dbpedia.org/resource/André_de_Longjumeau	http://www.wikidata.org/entity/Q523579
http://dbpedia.org/resource/Approval_voting	http://www.wikidata.org/entity/Q526530
http://dbpedia.org/resource/Lory_(disambiguation)	http://www.wikidata.org/entity/Q530932
http://dbpedia.org/resource/The_Alan_Parsons_Project	http://www.wikidata.org/entity/Q533478
http://dbpedia.org/resource/Auriga	http://www.wikidata.org/entity/Q535095
http://dbpedia.org/resource/Applied_ethics	http://www.wikidata.org/entity/Q538733
http://dbpedia.org/resource/Angilbert	http://www.wikidata.org/entity/Q539434
http://dbpedia.org/resource/Anthem	http://www.wikidata.org/entity/Q541947
http://dbpedia.org/resource/Angolan_Armed_Forces	http://www.wikidata.org/entity/Q542209
http://dbpedia.org/resource/Angula	http://www.wikidata.org/entity/Q544170
http://dbpedia.org/resource/Actinophryid	http://www.wikidata.org/entity/Q548432
http://dbpedia.org/resource/Algebraic_extension	http://www.wikidata.org/entity/Q550791
http://dbpedia.org/resource/Alabama_River	http://www.wikidata.org/entity/Q558643
http://dbpedia.org/resource/List_of_Governors_of_Alabama	http://www.wikidata.org/entity/Q558677
http://dbpedia.org/resource/Amateur_astronomy	http://www.wikidata.org/entity/Q560575
http://dbpedia.org/resource/Alfonso_Jordan	http://www.wikidata.org/entity/Q561182
http://dbpedia.org/resource/Annapolis_Valley	http://www.wikidata.org/entity/Q564530
http://dbpedia.org/resource/Aldine_Press	http://www.wikidata.org/entity/Q567488
http://dbpedia.org/resource/Anti-ballistic_missile	http://www.wikidata.org/entity/Q574594
http://dbpedia.org/resource/Royal_Antigua_and_Barbuda_Defence_Force	http://www.wikidata.org/entity/Q575720
http://dbpedia.org/resource/Arbor_Day	http://www.wikidata.org/entity/Q578836
http://dbpedia.org/resource/Argentine_cuisine	http://www.wikidata.org/entity/Q579500
http://dbpedia.org/resource/Afonso_I_of_Portugal	http://www.wikidata.org/entity/Q587697
http://dbpedia.org/resource/Antonio_Agliardi	http://www.wikidata.org/entity/Q599501
http://dbpedia.org/resource/Aotus	http://www.wikidata.org/entity/Q616269
http://dbpedia.org/resource/Applesoft_BASIC	http://www.wikidata.org/entity/Q621556
http://dbpedia.org/resource/Alexander_technique	http://www.wikidata.org/entity/Q621647
http://dbpedia.org/resource/Alexander_Aetolus	http://www.wikidata.org/entity/Q622261
http://dbpedia.org/resource/Afterlife	http://www.wikidata.org/entity/Q623282
http://dbpedia.org/resource/Atari_ST	http://www.wikidata.org/entity/Q627302
http://dbpedia.org/resource/Achill_Island	http://www.wikidata.org/entity/Q631581
http://dbpedia.org/resource/Arene_(disambiguation)	http://www.wikidata.org/entity/Q641982
http://dbpedia.org/resource/Armored_car_(military)	http://www.wikidata.org/entity/Q649062
http://dbpedia.org/resource/Argument_(disambiguation)	http://www.wikidata.org/entity/Q651343
http://dbpedia.org/resource/Ambracia	http://www.wikidata.org/entity/Q661559
http://dbpedia.org/resource/Arizona_Diamondbacks	http://www.wikidata.org/entity/Q670376
http://dbpedia.org/resource/Arizona_State_University	http://www.wikidata.org/entity/Q670897
http://dbpedia.org/resource/Arcology	http://www.wikidata.org/entity/Q673699
http://dbpedia.org/resource/Ambush	http://www.wikidata.org/entity/Q680838
http://dbpedia.org/resource/Audio_file_format	http://www.wikidata.org/entity/Q682626
http://dbpedia.org/resource/Alphorn	http://www.wikidata.org/entity/Q685206
http://dbpedia.org/resource/Assistive_technology	http://www.wikidata.org/entity/Q688498
http://dbpedia.org/resource/Ambrosiaster	http://www.wikidata.org/entity/Q689146
http://dbpedia.org/resource/Afonso_VI_of_Portugal	http://www.wikidata.org/entity/Q691168
http://dbpedia.org/resource/A_Clockwork_Orange	http://www.wikidata.org/entity/Q692557
http://dbpedia.org/resource/Alpha_compositing	http://www.wikidata.org/entity/Q693457
http://dbpedia.org/resource/Arthur_Aikin	http://www.wikidata.org/entity/Q708372
http://dbpedia.org/resource/Adrenal_gland	http://www.wikidata.org/entity/Q712294
http://dbpedia.org/resource/Alan_Ayckbourn	http://www.wikidata.org/entity/Q712848
http://dbpedia.org/resource/Artistic_License	http://www.wikidata.org/entity/Q713244
http://dbpedia.org/resource/Auger_effect	http://www.wikidata.org/entity/Q719512
http://dbpedia.org/resource/Azerbaijani_Armed_Forces	http://www.wikidata.org/entity/Q724216
http://dbpedia.org/resource/The_Ashes	http://www.wikidata.org/entity/Q725151
http://dbpedia.org/resource/Applet	http://www.wikidata.org/entity/Q735918
http://dbpedia.org/resource/Ealdred_(archbishop_of_York)	http://www.wikidata.org/entity/Q739453
http://dbpedia.org/resource/Aon_(company)	http://www.wikidata.org/entity/Q739518
http://dbpedia.org/resource/Abdominal_surgery	http://www.wikidata.org/entity/Q743664
http://dbpedia.org/resource/Associative_algebra	http://www.wikidata.org/entity/Q744960
http://dbpedia.org/resource/Assault_gun	http://www.wikidata.org/entity/Q745798
http://dbpedia.org/resource/Athanasian_Creed	http://www.wikidata.org/entity/Q747243
http://dbpedia.org/resource/Asterism	http://www.wikidata.org/entity/Q747726
http://dbpedia.org/resource/Asteroids_(video_game)	http://www.wikidata.org/entity/Q748890
http://dbpedia.org/resource/Asynchronous_communication	http://www.wikidata.org/entity/Q752739
http://dbpedia.org/resource/Argument_from_morality	http://www.wikidata.org/entity/Q753371
http://dbpedia.org/resource/Rise_and_Fall_of_the_City_of_Mahagonny	http://www.wikidata.org/entity/Q760054
http://dbpedia.org/resource/Folklore_of_the_United_States	http://www.wikidata.org/entity/Q778075
http://dbpedia.org/resource/Australian_Democrats	http://www.wikidata.org/entity/Q781392
http://dbpedia.org/resource/Geography_of_Africa	http://www.wikidata.org/entity/Q781650
http://dbpedia.org/resource/Automorphism	http://www.wikidata.org/entity/Q782566
http://dbpedia.org/resource/Foreign_relations_of_Armenia	http://www.wikidata.org/entity/Q789917
http://dbpedia.org/resource/Foreign_relations_of_Azerbaijan	http://www.wikidata.org/entity/Q789921
http://dbpedia.org/resource/Abstract_data_type	http://www.wikidata.org/entity/Q827335
http://dbpedia.org/resource/Ancylopoda	http://www.wikidata.org/entity/Q837415
http://dbpedia.org/resource/Comparison_of_American_and_British_English	http://www.wikidata.org/entity/Q840832
http://dbpedia.org/resource/Arable_land	http://www.wikidata.org/entity/Q843920
http://dbpedia.org/resource/NYSE_MKT	http://www.wikidata.org/entity/Q846626
http://dbpedia.org/resource/An_American_in_Paris	http://www.wikidata.org/entity/Q853997
http://dbpedia.org/resource/Arraignment	http://www.wikidata.org/entity/Q865927
http://dbpedia.org/resource/Aircraft_hijacking	http://www.wikidata.org/entity/Q898712
http://dbpedia.org/resource/Agarose_gel_electrophoresis	http://www.wikidata.org/entity/Q903395
http://dbpedia.org/resource/Armed_Forces_of_Armenia	http://www.wikidata.org/entity/Q935464
http://dbpedia.org/resource/The_Amazing_Spider-Man	http://www.wikidata.org/entity/Q944598
http://dbpedia.org/resource/Asociación_Alumni	http://www.wikidata.org/entity/Q948693
http://dbpedia.org/resource/Allan_Dwan	http://www.wikidata.org/entity/Q959677
http://dbpedia.org/resource/Politics_of_American_Samoa	http://www.wikidata.org/entity/Q971149
http://dbpedia.org/resource/Transport_in_Armenia	http://www.wikidata.org/entity/Q975740
http://dbpedia.org/resource/All_Souls'_Day	http://www.wikidata.org/entity/Q1033140
http://dbpedia.org/resource/Algebraically_closed_field	http://www.wikidata.org/entity/Q1047547
http://dbpedia.org/resource/Antiprism	http://www.wikidata.org/entity/Q1048057
http://dbpedia.org/resource/Economy_of_Angola	http://www.wikidata.org/entity/Q1064113
http://dbpedia.org/resource/Andronicus_of_Cyrrhus	http://www.wikidata.org/entity/Q1087443
http://dbpedia.org/resource/Americans_with_Disabilities_Act_of_1990	http://www.wikidata.org/entity/Q1111004
http://dbpedia.org/resource/Allomorph	http://www.wikidata.org/entity/Q1124301
http://dbpedia.org/resource/Abner	http://www.wikidata.org/entity/Q1133337
http://dbpedia.org/resource/Ambiguity	http://www.wikidata.org/entity/Q1140419
http://dbpedia.org/resource/Politics_of_Armenia	http://www.wikidata.org/entity/Q1154808
http://dbpedia.org/resource/Politics_of_Angola	http://www.wikidata.org/entity/Q1155473
http://dbpedia.org/resource/Alexander_V	http://www.wikidata.org/entity/Q1181279
http://dbpedia.org/resource/Abyssinia	http://www.wikidata.org/entity/Q1199187
http://dbpedia.org/resource/Alger_of_Liège	http://www.wikidata.org/entity/Q1232699
http://dbpedia.org/resource/Geography_of_Azerbaijan	http://www.wikidata.org/entity/Q1255870
http://dbpedia.org/resource/Ælfheah_of_Canterbury	http://www.wikidata.org/entity/Q1262465
http://dbpedia.org/resource/Albert_Spalding	http://www.wikidata.org/entity/Q1272299
http://dbpedia.org/resource/Aimoin	http://www.wikidata.org/entity/Q1283657
http://dbpedia.org/resource/Attorney	http://www.wikidata.org/entity/Q1289214
http://dbpedia.org/resource/Ardal_O'Hanlon	http://www.wikidata.org/entity/Q1292714
http://dbpedia.org/resource/An_Enquiry_Concerning_Human_Understanding	http://www.wikidata.org/entity/Q1306656
http://dbpedia.org/resource/Abimelech	http://www.wikidata.org/entity/Q1343803
http://dbpedia.org/resource/Animal_Farm	http://www.wikidata.org/entity/Q1396889
http://dbpedia.org/resource/Almost_all	http://www.wikidata.org/entity/Q1397701
http://dbpedia.org/resource/Geography_of_Armenia	http://www.wikidata.org/entity/Q1404758
http://dbpedia.org/resource/Anthophyta	http://www.wikidata.org/entity/Q1425109
http://dbpedia.org/resource/Self-propelled_anti-aircraft_weapon	http://www.wikidata.org/entity/Q1428849
http://dbpedia.org/resource/Adventure	http://www.wikidata.org/entity/Q1436734
http://dbpedia.org/resource/Kolmogorov_complexity	http://www.wikidata.org/entity/Q1456811
http://dbpedia.org/resource/Angst	http://www.wikidata.org/entity/Q1522565
http://dbpedia.org/resource/Alexander_Anderson_(mathematician)	http://www.wikidata.org/entity/Q1530587
http://dbpedia.org/resource/Abu_Nidal_Organization	http://www.wikidata.org/entity/Q1638579
http://dbpedia.org/resource/Abbess	http://www.wikidata.org/entity/Q1646408
http://dbpedia.org/resource/Economy_of_Azerbaijan	http://www.wikidata.org/entity/Q1656522
http://dbpedia.org/resource/Transport_in_Antarctica	http://www.wikidata.org/entity/Q1808475
http://dbpedia.org/resource/Unit_of_alcohol	http://www.wikidata.org/entity/Q1899871
http://dbpedia.org/resource/Answer	http://www.wikidata.org/entity/Q1920566
http://dbpedia.org/resource/Antwerp_(disambiguation)	http://www.wikidata.org/entity/Q2038590
http://dbpedia.org/resource/Abdul_Alhazred	http://www.wikidata.org/entity/Q2068019
http://dbpedia.org/resource/Aster_CT-80	http://www.wikidata.org/entity/Q2233957
http://dbpedia.org/resource/Arabian_Prince	http://www.wikidata.org/entity/Q2256420
http://dbpedia.org/resource/Dodo_(Alice's_Adventures_in_Wonderland)	http://www.wikidata.org/entity/Q2325524
http://dbpedia.org/resource/Albion,_Michigan	http://www.wikidata.org/entity/Q2327553
http://dbpedia.org/resource/Ansible	http://www.wikidata.org/entity/Q2333833
http://dbpedia.org/resource/Amathus	http://www.wikidata.org/entity/Q2343313
http://dbpedia.org/resource/Anastasius	http://www.wikidata.org/entity/Q2361132
http://dbpedia.org/resource/Demographics_of_Armenia	http://www.wikidata.org/entity/Q2382992
http://dbpedia.org/resource/Demographics_of_Angola	http://www.wikidata.org/entity/Q2402452
http://dbpedia.org/resource/Avery_Hopwood	http://www.wikidata.org/entity/Q2479506
http://dbpedia.org/resource/Steel-string_acoustic_guitar	http://www.wikidata.org/entity/Q2563510
http://dbpedia.org/resource/Andreas_Aagesen	http://www.wikidata.org/entity/Q2574695
http://dbpedia.org/resource/Anah	http://www.wikidata.org/entity/Q2627750
http://dbpedia.org/resource/Albert	http://www.wikidata.org/entity/Q2637730
http://dbpedia.org/resource/Foreign_relations_of_Angola	http://www.wikidata.org/entity/Q2687348
http://dbpedia.org/resource/Extreme_poverty	http://www.wikidata.org/entity/Q2714378
http://dbpedia.org/resource/Anti-realism	http://www.wikidata.org/entity/Q2716356
http://dbpedia.org/resource/Aga_Khan_I	http://www.wikidata.org/entity/Q2717210
http://dbpedia.org/resource/Audio_signal_processing	http://www.wikidata.org/entity/Q2719318
http://dbpedia.org/resource/Allegiance	http://www.wikidata.org/entity/Q2721121
http://dbpedia.org/resource/Geography_of_Antarctica	http://www.wikidata.org/entity/Q2742952
http://dbpedia.org/resource/Ahenobarbus	http://www.wikidata.org/entity/Q2761400
http://dbpedia.org/resource/Actrius	http://www.wikidata.org/entity/Q2823770
http://dbpedia.org/resource/Anbar_(town)	http://www.wikidata.org/entity/Q2829204
http://dbpedia.org/resource/Amalric	http://www.wikidata.org/entity/Q2840977
http://dbpedia.org/resource/Northern_cavefish	http://www.wikidata.org/entity/Q2842127
http://dbpedia.org/resource/Angels_in_art	http://www.wikidata.org/entity/Q2849311
http://dbpedia.org/resource/Anita_Hill	http://www.wikidata.org/entity/Q2850177
http://dbpedia.org/resource/Cobble_Hill_Tunnel	http://www.wikidata.org/entity/Q2981143
http://dbpedia.org/resource/Demographics_of_Antigua_and_Barbuda	http://www.wikidata.org/entity/Q2997133
http://dbpedia.org/resource/Apple_II	http://www.wikidata.org/entity/Q3017175
http://dbpedia.org/resource/Apocrypha	http://www.wikidata.org/entity/Q3092752
http://dbpedia.org/resource/List_of_Atlas_Shrugged_characters	http://www.wikidata.org/entity/Q3253031
http://dbpedia.org/resource/Alexandrists	http://www.wikidata.org/entity/Q3299743
http://dbpedia.org/resource/American_shot	http://www.wikidata.org/entity/Q3391185
http://dbpedia.org/resource/Aspect_ratio	http://www.wikidata.org/entity/Q3420076
http://dbpedia.org/resource/Argot	http://www.wikidata.org/entity/Q3462602
http://dbpedia.org/resource/Agricultural_science	http://www.wikidata.org/entity/Q3606845
http://dbpedia.org/resource/List_of_Anglo-Saxon_monarchs_and_kingdoms	http://www.wikidata.org/entity/Q3860398
http://dbpedia.org/resource/Ambrosians	http://www.wikidata.org/entity/Q3885412
http://dbpedia.org/resource/Transport_in_Angola	http://www.wikidata.org/entity/Q3997810
http://dbpedia.org/resource/Antisemitism_in_the_Arab_world	http://www.wikidata.org/entity/Q4117862
http://dbpedia.org/resource/MessagePad	http://www.wikidata.org/entity/Q4147219
http://dbpedia.org/resource/Geography_of_American_Samoa	http://www.wikidata.org/entity/Q4405805
http://dbpedia.org/resource/Akkadian_Empire	http://www.wikidata.org/entity/Q4461035
http://dbpedia.org/resource/Crandall_University	http://www.wikidata.org/entity/Q4475796
http://dbpedia.org/resource/Economy_of_Alberta	http://www.wikidata.org/entity/Q4530328
http://dbpedia.org/resource/Audio	http://www.wikidata.org/entity/Q4650720
http://dbpedia.org/resource/Abatement	http://www.wikidata.org/entity/Q4663574
http://dbpedia.org/resource/Abiotic_stress	http://www.wikidata.org/entity/Q4667893
http://dbpedia.org/resource/Abstract_(law)	http://www.wikidata.org/entity/Q4669920
http://dbpedia.org/resource/Adder	http://www.wikidata.org/entity/Q4681045
http://dbpedia.org/resource/Alarums_and_Excursions	http://www.wikidata.org/entity/Q4708400
http://dbpedia.org/resource/Albrecht_Achilles	http://www.wikidata.org/entity/Q4712644
http://dbpedia.org/resource/Alexander_of_Greece_(disambiguation)	http://www.wikidata.org/entity/Q4720500
http://dbpedia.org/resource/Alfonso_Leng	http://www.wikidata.org/entity/Q4722054
http://dbpedia.org/resource/Alford_plea	http://www.wikidata.org/entity/Q4722160
http://dbpedia.org/resource/Alfred_of_Beverley	http://www.wikidata.org/entity/Q4723684
http://dbpedia.org/resource/Algorithms_(journal)	http://www.wikidata.org/entity/Q4724371
http://dbpedia.org/resource/Algorithms_for_calculating_variance	http://www.wikidata.org/entity/Q4724375
http://dbpedia.org/resource/Alph	http://www.wikidata.org/entity/Q4734855
http://dbpedia.org/resource/Alphonso_I_of_Spain	http://www.wikidata.org/entity/Q4735411
http://dbpedia.org/resource/Alypius_of_Antioch	http://www.wikidata.org/entity/Q4738696
http://dbpedia.org/resource/Amalric_of_Jerusalem	http://www.wikidata.org/entity/Q4739435
http://dbpedia.org/resource/American_(word)	http://www.wikidata.org/entity/Q4742863
http://dbpedia.org/resource/American_Chinese_cuisine	http://www.wikidata.org/entity/Q4743373
http://dbpedia.org/resource/Analog_Brothers	http://www.wikidata.org/entity/Q4751040
http://dbpedia.org/resource/Ancyra_(genus)	http://www.wikidata.org/entity/Q4753273
http://dbpedia.org/resource/Animalia_(book)	http://www.wikidata.org/entity/Q4765006
http://dbpedia.org/resource/Appellate_procedure_in_the_United_States	http://www.wikidata.org/entity/Q4781008
http://dbpedia.org/resource/Arne_Kaijser	http://www.wikidata.org/entity/Q4794599
http://dbpedia.org/resource/Artistic_revolution	http://www.wikidata.org/entity/Q4801285
http://dbpedia.org/resource/Atomic_semantics	http://www.wikidata.org/entity/Q4817341
http://dbpedia.org/resource/Automatic_number_announcement_circuit	http://www.wikidata.org/entity/Q4826583
http://dbpedia.org/resource/Aztlan_Underground	http://www.wikidata.org/entity/Q4832994
http://dbpedia.org/resource/Appellate_court	http://www.wikidata.org/entity/Q4959031
http://dbpedia.org/resource/Alexis_(poet)	http://www.wikidata.org/entity/Q4966577
http://dbpedia.org/resource/Demographics_of_American_Samoa	http://www.wikidata.org/entity/Q5251985
http://dbpedia.org/resource/Economy_of_American_Samoa	http://www.wikidata.org/entity/Q5252010
http://dbpedia.org/resource/Telecommunications_in_Antigua_and_Barbuda	http://www.wikidata.org/entity/Q5255008
http://dbpedia.org/resource/Aa_River	http://www.wikidata.org/entity/Q5258251
http://dbpedia.org/resource/Geography_of_Alabama	http://www.wikidata.org/entity/Q5535116
http://dbpedia.org/resource/Hymn_to_Proserpine	http://www.wikidata.org/entity/Q5956776
http://dbpedia.org/resource/Alligatoridae	http://www.wikidata.org/entity/Q6184764
http://dbpedia.org/resource/Anglicanism	http://www.wikidata.org/entity/Q6423963
http://dbpedia.org/resource/List_of_artificial_intelligence_projects	http://www.wikidata.org/entity/Q6606170
http://dbpedia.org/resource/Museum_of_Work	http://www.wikidata.org/entity/Q6941060
http://dbpedia.org/resource/Natural_history_of_Africa	http://www.wikidata.org/entity/Q6980700
http://dbpedia.org/resource/Telecommunications_in_Anguilla	http://www.wikidata.org/entity/Q7695884
http://dbpedia.org/resource/The_Triumph_of_Time	http://www.wikidata.org/entity/Q7770297
http://dbpedia.org/resource/ALF_Tales	http://www.wikidata.org/entity/Q9024245
http://dbpedia.org/resource/Abijah	http://www.wikidata.org/entity/Q11097906
http://dbpedia.org/resource/Motor_neuron_disease	http://www.wikidata.org/entity/Q11707850
http://dbpedia.org/resource/Arminianism	http://www.wikidata.org/entity/Q13446873
http://dbpedia.org/resource/Anaconda	http://www.wikidata.org/entity/Q14375839
http://dbpedia.org/resource/Afghan	http://www.wikidata.org/entity/Q16007968
http://dbpedia.org/resource/Asia_Minor_(disambiguation)	http://www.wikidata.org/entity/Q16253915
http://dbpedia.org/resource/Alexius	http://www.wikidata.org/entity/Q17501672
http://dbpedia.org/resource/Alphons	http://www.wikidata.org/entity/Q18327319
http://dbpedia.org/resource/Atmosphere_(disambiguation)	http://www.wikidata.org/entity/Q19689873
